,Node_0,Node_1,Node_2,Node_3,Node_4,Node_5,Node_6,Node_7,Node_8,Node_9
Solar,0.024036600502083148,0.014682680657104236,0.015719667282113436,0.04046042526869889,0.03472872253265044,0.01404490704491161,0.013364272244599898,0.0380387652583648,0.012910520254567742,0.04287440237161425
Wind,0.0653121113578248,0.034067439032094984,0.034241885704259595,0.07933197892505878,0.048713539787806015,0.048532107353344546,0.07063997836287514,0.07736242886919294,0.07930005319114355,0.06766890926294708
Hydro,0.035050383421236626,0.023340028667946752,0.05108587663709747,0.042336169989432196,0.036968880369879054,0.056254175403789436,0.024447899292246052,0.03970500417163436,0.02045414579069676,0.03874642567976505
