,Hour_0,Hour_1,Hour_2,Hour_3,Hour_4,Hour_5,Hour_6,Hour_7,Hour_8,Hour_9,Hour_10,Hour_11,Hour_12,Hour_13,Hour_14,Hour_15,Hour_16,Hour_17,Hour_18,Hour_19,Hour_20,Hour_21,Hour_22,Hour_23
Solar,9.934283060224654,0.0,12.95377076201385,30.460597128160508,0.0,75.3172608610164,271.58425631014785,495.3486945830582,630.610512281301,730.8512008717192,790.7316461437507,790.6854049285948,804.8392454313207,681.7343951068441,605.5016433497393,468.75424941518054,219.74337759331152,86.28494665190547,0.0,0.0,29.31297537843108,0.0,1.3505640937584769,0.0
Wind,294.6740730569781,498.010858773688,434.9732231258937,644.5242668072101,483.99613153224954,420.61301158790485,255.1152107493732,430.81227550281983,132.23771172293098,60.0,283.30475802563274,148.74753692579145,449.81485647825644,300.24021656117657,435.5978551759458,609.7659696128118,600.077096237702,413.24418952589576,250.5059445503134,127.79478220677942,60.0,60.526242576064874,180.02319947632137,486.8546671462697
Hydro,408.59045723921156,369.41383467378284,434.0812967366416,426.9147412034983,427.4712109124698,464.24611160513786,475.6584265219258,470.395049083846,419.8680565699562,423.82408782002227,428.2016402774012,431.1969606328713,381.21231159905545,375.43847109109254,340.7872284335467,329.24633974746115,373.200099453914,384.0225622547436,349.2455425763755,380.6940615271818,372.4991024122846,357.89280863310023,395.54505157985915,438.4509141616492
